kinetic_energy,potential_energy,time
0.000000,-809.273661,0.000000
19.168754,-836.482845,0.200000
20.457295,-836.634172,0.400000
21.334774,-834.137230,0.600000
