kinetic_energy,potential_energy,time
0.000000,-808.155961,0.000000
18.147690,-828.229977,0.100000
23.879850,-834.311775,0.200000
22.866730,-833.222559,0.300000
26.498695,-837.114466,0.400000
24.776403,-835.347863,0.500000
24.067979,-834.578310,0.600000
25.443192,-835.978358,0.700000
25.554082,-836.015797,0.800000
25.538909,-836.078501,0.900000
25.269459,-835.878055,1.000000
